route,source,scope,intended_family,journey_to_validate,reachable_composition_markers_static,entity_selection_publisher_static,local_import_files_static,review_depth,redirect_literal,visual_acceptance,implementation_findings,implementation_scope,remaining_acceptance
/about,apps/web/app/(marketing)/about/page.tsx,public/auth/support,Public / Auth / Support,Product explanation or support/auth task → useful next destination,No literal local marker,False,69,Static source/import scan; manual journey pending,,NOT_RUN,,No route-specific completion claimed; shared primitives may apply,Current-head rendered journey at 1440/834/390; relevant owner-live behavior
/api,apps/web/app/(marketing)/api/page.tsx,public/auth/support,Public / Auth / Support,Product explanation or support/auth task → useful next destination,No literal local marker,False,69,Static source/import scan; manual journey pending,,NOT_RUN,,No route-specific completion claimed; shared primitives may apply,Current-head rendered journey at 1440/834/390; relevant owner-live behavior
/blog/[slug],apps/web/app/(marketing)/blog/[slug]/page.tsx,public/auth/support,Public / Auth / Support,Product explanation or support/auth task → useful next destination,No literal local marker,False,80,Static source/import scan; manual journey pending,,NOT_RUN,,No route-specific completion claimed; shared primitives may apply,Current-head rendered journey at 1440/834/390; relevant owner-live behavior
/blog,apps/web/app/(marketing)/blog/page.tsx,public/auth/support,Public / Auth / Support,Product explanation or support/auth task → useful next destination,No literal local marker,False,81,Static source/import scan; manual journey pending,,NOT_RUN,,No route-specific completion claimed; shared primitives may apply,Current-head rendered journey at 1440/834/390; relevant owner-live behavior
/careers,apps/web/app/(marketing)/careers/page.tsx,public/auth/support,Public / Auth / Support,Product explanation or support/auth task → useful next destination,No literal local marker,False,68,Static source/import scan; manual journey pending,,NOT_RUN,,No route-specific completion claimed; shared primitives may apply,Current-head rendered journey at 1440/834/390; relevant owner-live behavior
/changelog,apps/web/app/(marketing)/changelog/page.tsx,public/auth/support,Public / Auth / Support,Product explanation or support/auth task → useful next destination,No literal local marker,False,70,Static source/import scan; manual journey pending,,NOT_RUN,,No route-specific completion claimed; shared primitives may apply,Current-head rendered journey at 1440/834/390; relevant owner-live behavior
/contact,apps/web/app/(marketing)/contact/page.tsx,public/auth/support,Public / Auth / Support,Product explanation or support/auth task → useful next destination,No literal local marker,False,68,Static source/import scan; manual journey pending,,NOT_RUN,,No route-specific completion claimed; shared primitives may apply,Current-head rendered journey at 1440/834/390; relevant owner-live behavior
/docs/[...slug],apps/web/app/(marketing)/docs/[...slug]/page.tsx,public/auth/support,Public / Auth / Support,Product explanation or support/auth task → useful next destination,No literal local marker,False,76,Static source/import scan; manual journey pending,,NOT_RUN,,No route-specific completion claimed; shared primitives may apply,Current-head rendered journey at 1440/834/390; relevant owner-live behavior
/docs/api/swagger,apps/web/app/(marketing)/docs/api/swagger/page.tsx,public/auth/support,Public / Auth / Support,Product explanation or support/auth task → useful next destination,No literal local marker,False,2,Static source/import scan; manual journey pending,,NOT_RUN,,No route-specific completion claimed; shared primitives may apply,Current-head rendered journey at 1440/834/390; relevant owner-live behavior
/docs/faq,apps/web/app/(marketing)/docs/faq/page.tsx,public/auth/support,Public / Auth / Support,Product explanation or support/auth task → useful next destination,No literal local marker,False,22,Static source/import scan; manual journey pending,,NOT_RUN,,No route-specific completion claimed; shared primitives may apply,Current-head rendered journey at 1440/834/390; relevant owner-live behavior
/docs/integrations,apps/web/app/(marketing)/docs/integrations/page.tsx,public/auth/support,Public / Auth / Support,Product explanation or support/auth task → useful next destination,No literal local marker,False,99,Static source/import scan; manual journey pending,,NOT_RUN,,No route-specific completion claimed; shared primitives may apply,Current-head rendered journey at 1440/834/390; relevant owner-live behavior
/docs,apps/web/app/(marketing)/docs/page.tsx,public/auth/support,Public / Auth / Support,Product explanation or support/auth task → useful next destination,No literal local marker,False,74,Static source/import scan; manual journey pending,,NOT_RUN,,No route-specific completion claimed; shared primitives may apply,Current-head rendered journey at 1440/834/390; relevant owner-live behavior
/download,apps/web/app/(marketing)/download/page.tsx,public/auth/support,Public / Auth / Support,Product explanation or support/auth task → useful next destination,No literal local marker,False,73,Static source/import scan; manual journey pending,,NOT_RUN,,No route-specific completion claimed; shared primitives may apply,Current-head rendered journey at 1440/834/390; relevant owner-live behavior
/features/extension,apps/web/app/(marketing)/features/extension/page.tsx,public/auth/support,Public / Auth / Support,Product explanation or support/auth task → useful next destination,No literal local marker,False,75,Static source/import scan; manual journey pending,,NOT_RUN,,No route-specific completion claimed; shared primitives may apply,Current-head rendered journey at 1440/834/390; relevant owner-live behavior
/features/marketplace,apps/web/app/(marketing)/features/marketplace/page.tsx,public/auth/support,Public / Auth / Support,Product explanation or support/auth task → useful next destination,No literal local marker,False,72,Static source/import scan; manual journey pending,,NOT_RUN,,No route-specific completion claimed; shared primitives may apply,Current-head rendered journey at 1440/834/390; relevant owner-live behavior
/features,apps/web/app/(marketing)/features/page.tsx,public/auth/support,Public / Auth / Support,Product explanation or support/auth task → useful next destination,No literal local marker,False,100,Static source/import scan; manual journey pending,,NOT_RUN,,No route-specific completion claimed; shared primitives may apply,Current-head rendered journey at 1440/834/390; relevant owner-live behavior
/features/technology,apps/web/app/(marketing)/features/technology/page.tsx,public/auth/support,Public / Auth / Support,Product explanation or support/auth task → useful next destination,No literal local marker,False,76,Static source/import scan; manual journey pending,,NOT_RUN,,No route-specific completion claimed; shared primitives may apply,Current-head rendered journey at 1440/834/390; relevant owner-live behavior
/forgot-password,apps/web/app/(marketing)/forgot-password/page.tsx,public/auth/support,Public / Auth / Support,Product explanation or support/auth task → useful next destination,No literal local marker,False,67,Static source/import scan; manual journey pending,,NOT_RUN,,No route-specific completion claimed; shared primitives may apply,Current-head rendered journey at 1440/834/390; relevant owner-live behavior
/get-started,apps/web/app/(marketing)/get-started/page.tsx,public/auth/support,Public / Auth / Support,Product explanation or support/auth task → useful next destination,No literal local marker,False,30,Manual representative/source inspection + static scan,,NOT_RUN,,No route-specific completion claimed; shared primitives may apply,Current-head rendered journey at 1440/834/390; relevant owner-live behavior
/guides,apps/web/app/(marketing)/guides/page.tsx,public/auth/support,Public / Auth / Support,Product explanation or support/auth task → useful next destination,No literal local marker,False,70,Static source/import scan; manual journey pending,,NOT_RUN,,No route-specific completion claimed; shared primitives may apply,Current-head rendered journey at 1440/834/390; relevant owner-live behavior
/login,apps/web/app/(marketing)/login/page.tsx,public/auth/support,Public / Auth / Support,Product explanation or support/auth task → useful next destination,No literal local marker,False,19,Manual representative/source inspection + static scan,,NOT_RUN,,No route-specific completion claimed; shared primitives may apply,Current-head rendered journey at 1440/834/390; relevant owner-live behavior
/,apps/web/app/(marketing)/page.tsx,public/auth/support,Public / Auth / Support,Product explanation or support/auth task → useful next destination,No literal local marker,False,38,Manual representative/source inspection + static scan,,NOT_RUN,,No route-specific completion claimed; shared primitives may apply,Current-head rendered journey at 1440/834/390; relevant owner-live behavior
/pricing,apps/web/app/(marketing)/pricing/page.tsx,public/auth/support,Public / Auth / Support,Product explanation or support/auth task → useful next destination,No literal local marker,False,106,Manual representative/source inspection + static scan,,NOT_RUN,,No route-specific completion claimed; shared primitives may apply,Current-head rendered journey at 1440/834/390; relevant owner-live behavior
/privacy,apps/web/app/(marketing)/privacy/page.tsx,public/auth/support,Public / Auth / Support,Product explanation or support/auth task → useful next destination,No literal local marker,False,69,Static source/import scan; manual journey pending,,NOT_RUN,,No route-specific completion claimed; shared primitives may apply,Current-head rendered journey at 1440/834/390; relevant owner-live behavior
/roadmap,apps/web/app/(marketing)/roadmap/page.tsx,public/auth/support,Public / Auth / Support,Product explanation or support/auth task → useful next destination,No literal local marker,False,69,Static source/import scan; manual journey pending,,NOT_RUN,,No route-specific completion claimed; shared primitives may apply,Current-head rendered journey at 1440/834/390; relevant owner-live behavior
/security,apps/web/app/(marketing)/security/page.tsx,public/auth/support,Public / Auth / Support,Product explanation or support/auth task → useful next destination,No literal local marker,False,95,Static source/import scan; manual journey pending,,NOT_RUN,,No route-specific completion claimed; shared primitives may apply,Current-head rendered journey at 1440/834/390; relevant owner-live behavior
/support,apps/web/app/(marketing)/support/page.tsx,public/auth/support,Public / Auth / Support,Product explanation or support/auth task → useful next destination,No literal local marker,False,70,Static source/import scan; manual journey pending,,NOT_RUN,,No route-specific completion claimed; shared primitives may apply,Current-head rendered journey at 1440/834/390; relevant owner-live behavior
/terms,apps/web/app/(marketing)/terms/page.tsx,public/auth/support,Public / Auth / Support,Product explanation or support/auth task → useful next destination,No literal local marker,False,69,Static source/import scan; manual journey pending,,NOT_RUN,,No route-specific completion claimed; shared primitives may apply,Current-head rendered journey at 1440/834/390; relevant owner-live behavior
/activity,apps/web/app/activity/page.tsx,product,Operate,Work/exception → causal evidence → next action,operate,True,163,Manual representative/source inspection + static scan,,NOT_RUN,D03 D09 D10: truthful shared step semantics and scoped action copy,Targeted source correction; shared primitives also apply,Current-head rendered journey at 1440/834/390; relevant owner-live behavior
/admin/intelligence,apps/web/app/admin/intelligence/page.tsx,product,Understand / Manage,Diagnostic scope → reported health → evidence/repair,understand,False,206,Static source/import scan; manual journey pending,,NOT_RUN,,No route-specific completion claimed; shared primitives may apply,Current-head rendered journey at 1440/834/390; relevant owner-live behavior
/agents/[id]/capabilities,apps/web/app/agents/[id]/capabilities/page.tsx,product,Manage,Specialist identity → capability/grounding → scoped configuration,manage,False,148,Static source/import scan; manual journey pending,,NOT_RUN,,No route-specific completion claimed; shared primitives may apply,Current-head rendered journey at 1440/834/390; relevant owner-live behavior
/agents/[id]/chat,apps/web/app/agents/[id]/chat/page.tsx,product,Manage,Specialist identity → capability/grounding → scoped configuration,No literal local marker,False,137,Static source/import scan; manual journey pending,,NOT_RUN,,No route-specific completion claimed; shared primitives may apply,Current-head rendered journey at 1440/834/390; relevant owner-live behavior
/agents/[id]/knowledge,apps/web/app/agents/[id]/knowledge/page.tsx,product,Manage,Specialist identity → capability/grounding → scoped configuration,manage,False,158,Manual representative/source inspection + static scan,,NOT_RUN,,No route-specific completion claimed; shared primitives may apply,Current-head rendered journey at 1440/834/390; relevant owner-live behavior
/agents/[id]/memory,apps/web/app/agents/[id]/memory/page.tsx,product,Manage,Specialist identity → capability/grounding → scoped configuration,manage,False,148,Manual representative/source inspection + static scan,,NOT_RUN,,No route-specific completion claimed; shared primitives may apply,Current-head rendered journey at 1440/834/390; relevant owner-live behavior
/agents/[id],apps/web/app/agents/[id]/page.tsx,product,Manage,Specialist identity → capability/grounding → scoped configuration,manage,True,188,Manual representative/source inspection + static scan,,NOT_RUN,,No route-specific completion claimed; shared primitives may apply,Current-head rendered journey at 1440/834/390; relevant owner-live behavior
/agents/new,apps/web/app/agents/new/page.tsx,product,Manage,Specialist identity → capability/grounding → scoped configuration,create,False,167,Static source/import scan; manual journey pending,,NOT_RUN,,No route-specific completion claimed; shared primitives may apply,Current-head rendered journey at 1440/834/390; relevant owner-live behavior
/agents,apps/web/app/agents/page.tsx,product,Manage,Specialist identity → capability/grounding → scoped configuration,manage,True,195,Manual representative/source inspection + static scan,,NOT_RUN,,No route-specific completion claimed; shared primitives may apply,Current-head rendered journey at 1440/834/390; relevant owner-live behavior
/agents/swarm,apps/web/app/agents/swarm/page.tsx,product,Manage,Specialist identity → capability/grounding → scoped configuration,No literal local marker,False,2,Static source/import scan; manual journey pending,,NOT_RUN,,No route-specific completion claimed; shared primitives may apply,Current-head rendered journey at 1440/834/390; relevant owner-live behavior
/ai/help/control,apps/web/app/ai/help/control/page.tsx,product,Create / Understand,Intent/context → draft/artifact → approval/execution → evidence,No literal local marker,False,135,Static source/import scan; manual journey pending,,NOT_RUN,,No route-specific completion claimed; shared primitives may apply,Current-head rendered journey at 1440/834/390; relevant owner-live behavior
/ai,apps/web/app/ai/page.tsx,product,Create / Understand,Intent/context → draft/artifact → approval/execution → evidence,create,False,280,Static source/import scan; manual journey pending,,NOT_RUN,,No route-specific completion claimed; shared primitives may apply,Current-head rendered journey at 1440/834/390; relevant owner-live behavior
/approvals,apps/web/app/approvals/page.tsx,product,Operate,Request → authority/evidence → decision → continuation,operate,True,154,Manual representative/source inspection + static scan,,NOT_RUN,,No route-specific completion claimed; shared primitives may apply,Current-head rendered journey at 1440/834/390; relevant owner-live behavior
/assignments/[id],apps/web/app/assignments/[id]/page.tsx,product,Operate / Create,Brief → agent/context → task trace → scoped review/delivery,operate,True,162,Manual representative/source inspection + static scan,,NOT_RUN,D07 D09: selected assignment/deliverable identity,Targeted source correction; shared primitives also apply,Current-head rendered journey at 1440/834/390; relevant owner-live behavior
/assignments/new,apps/web/app/assignments/new/page.tsx,product,Operate / Create,Brief → agent/context → task trace → scoped review/delivery,create,False,157,Manual representative/source inspection + static scan,,NOT_RUN,,No route-specific completion claimed; shared primitives may apply,Current-head rendered journey at 1440/834/390; relevant owner-live behavior
/assignments,apps/web/app/assignments/page.tsx,product,Operate / Create,Brief → agent/context → task trace → scoped review/delivery,No literal local marker,True,163,Static source/import scan; manual journey pending,,NOT_RUN,,No route-specific completion claimed; shared primitives may apply,Current-head rendered journey at 1440/834/390; relevant owner-live behavior
/assistant,apps/web/app/assistant/page.tsx,product,Review,Follow canonical destination; validate role and task continuity,No literal local marker,False,2,Static source/import scan; manual journey pending,,NOT_RUN,,No route-specific completion claimed; shared primitives may apply,Current-head rendered journey at 1440/834/390; relevant owner-live behavior
/audit,apps/web/app/audit/page.tsx,product,Operate,Event scope → actor/action evidence → scoped export,operate,False,151,Manual representative/source inspection + static scan,,NOT_RUN,,No route-specific completion claimed; shared primitives may apply,Current-head rendered journey at 1440/834/390; relevant owner-live behavior
/auth/callback/complete,apps/web/app/auth/callback/complete/page.tsx,public/auth/support,Public / Auth / Support,Product explanation or support/auth task → useful next destination,No literal local marker,False,7,Static source/import scan; manual journey pending,,NOT_RUN,,No route-specific completion claimed; shared primitives may apply,Current-head rendered journey at 1440/834/390; relevant owner-live behavior
/chat,apps/web/app/chat/page.tsx,product,Understand,Search scope → result → evidence/detail,understand,False,142,Static source/import scan; manual journey pending,,NOT_RUN,,No route-specific completion claimed; shared primitives may apply,Current-head rendered journey at 1440/834/390; relevant owner-live behavior
/connectors/[id],apps/web/app/connectors/[id]/page.tsx,product,Manage,System lifecycle → connection/configuration → test/repair,manage,True,153,Manual representative/source inspection + static scan,,NOT_RUN,,No route-specific completion claimed; shared primitives may apply,Current-head rendered journey at 1440/834/390; relevant owner-live behavior
/connectors,apps/web/app/connectors/page.tsx,product,Manage,System lifecycle → connection/configuration → test/repair,manage,True,169,Manual representative/source inspection + static scan,,NOT_RUN,,No route-specific completion claimed; shared primitives may apply,Current-head rendered journey at 1440/834/390; relevant owner-live behavior
/deck,apps/web/app/deck/page.tsx,public/auth/support,Public / Auth / Support,Product explanation or support/auth task → useful next destination,No literal local marker,False,4,Static source/import scan; manual journey pending,,NOT_RUN,,No route-specific completion claimed; shared primitives may apply,Current-head rendered journey at 1440/834/390; relevant owner-live behavior
/deliverables,apps/web/app/deliverables/page.tsx,product,Review,Follow canonical destination; validate role and task continuity,No literal local marker,False,1,Redirect source inspected; destination acceptance pending,/lite/deliverables,NOT_RUN,,No route-specific completion claimed; shared primitives may apply,Current-head rendered journey at 1440/834/390; relevant owner-live behavior
/desktop/connect,apps/web/app/desktop/connect/page.tsx,product,Manage,Device association → identity verification → connection,No literal local marker,False,21,Static source/import scan; manual journey pending,,NOT_RUN,,No route-specific completion claimed; shared primitives may apply,Current-head rendered journey at 1440/834/390; relevant owner-live behavior
/dev/ai-workspace-preview,apps/web/app/dev/ai-workspace-preview/page.tsx,fixture,Fixture,Confirm intended product coverage; never treat specimen data as owner evidence,No literal local marker,False,94,Static source/import scan; manual journey pending,,NOT_RUN,,No route-specific completion claimed; shared primitives may apply,Current-head rendered journey at 1440/834/390; relevant owner-live behavior
/dev/carbon-board,apps/web/app/dev/carbon-board/page.tsx,fixture,Fixture,Confirm intended product coverage; never treat specimen data as owner evidence,create,False,93,Static source/import scan; manual journey pending,,NOT_RUN,,No route-specific completion claimed; shared primitives may apply,Current-head rendered journey at 1440/834/390; relevant owner-live behavior
/dev/slice-0-foundation,apps/web/app/dev/slice-0-foundation/page.tsx,fixture,Fixture,Confirm intended product coverage; never treat specimen data as owner evidence,No literal local marker,False,47,Static source/import scan; manual journey pending,,NOT_RUN,,No route-specific completion claimed; shared primitives may apply,Current-head rendered journey at 1440/834/390; relevant owner-live behavior
/dev/slice-1-workspace,apps/web/app/dev/slice-1-workspace/page.tsx,fixture,Fixture,Confirm intended product coverage; never treat specimen data as owner evidence,No literal local marker,False,187,Static source/import scan; manual journey pending,,NOT_RUN,,No route-specific completion claimed; shared primitives may apply,Current-head rendered journey at 1440/834/390; relevant owner-live behavior
/e2e/chat-progress,apps/web/app/e2e/chat-progress/page.tsx,fixture,Fixture,Confirm intended product coverage; never treat specimen data as owner evidence,No literal local marker,False,72,Static source/import scan; manual journey pending,,NOT_RUN,,No route-specific completion claimed; shared primitives may apply,Current-head rendered journey at 1440/834/390; relevant owner-live behavior
/e2e/execution-result,apps/web/app/e2e/execution-result/page.tsx,fixture,Fixture,Confirm intended product coverage; never treat specimen data as owner evidence,No literal local marker,False,43,Static source/import scan; manual journey pending,,NOT_RUN,,No route-specific completion claimed; shared primitives may apply,Current-head rendered journey at 1440/834/390; relevant owner-live behavior
/e2e/shot-upload,apps/web/app/e2e/shot-upload/page.tsx,fixture,Fixture,Confirm intended product coverage; never treat specimen data as owner evidence,No literal local marker,False,1,Static source/import scan; manual journey pending,,NOT_RUN,,No route-specific completion claimed; shared primitives may apply,Current-head rendered journey at 1440/834/390; relevant owner-live behavior
/e2e/shots/activity,apps/web/app/e2e/shots/activity/page.tsx,fixture,Fixture,Confirm intended product coverage; never treat specimen data as owner evidence,"create,discover,manage,operate,understand",False,493,Static source/import scan; manual journey pending,,NOT_RUN,,No route-specific completion claimed; shared primitives may apply,Current-head rendered journey at 1440/834/390; relevant owner-live behavior
/e2e/shots/agent-chat,apps/web/app/e2e/shots/agent-chat/page.tsx,fixture,Fixture,Confirm intended product coverage; never treat specimen data as owner evidence,"create,discover,manage,operate,understand",False,493,Static source/import scan; manual journey pending,,NOT_RUN,,No route-specific completion claimed; shared primitives may apply,Current-head rendered journey at 1440/834/390; relevant owner-live behavior
/e2e/shots/agent-detail,apps/web/app/e2e/shots/agent-detail/page.tsx,fixture,Fixture,Confirm intended product coverage; never treat specimen data as owner evidence,manage,False,192,Static source/import scan; manual journey pending,,NOT_RUN,,No route-specific completion claimed; shared primitives may apply,Current-head rendered journey at 1440/834/390; relevant owner-live behavior
/e2e/shots/agent-knowledge,apps/web/app/e2e/shots/agent-knowledge/page.tsx,fixture,Fixture,Confirm intended product coverage; never treat specimen data as owner evidence,No literal local marker,False,155,Static source/import scan; manual journey pending,,NOT_RUN,,No route-specific completion claimed; shared primitives may apply,Current-head rendered journey at 1440/834/390; relevant owner-live behavior
/e2e/shots/agents,apps/web/app/e2e/shots/agents/page.tsx,fixture,Fixture,Confirm intended product coverage; never treat specimen data as owner evidence,"create,discover,manage,operate,understand",False,493,Static source/import scan; manual journey pending,,NOT_RUN,,No route-specific completion claimed; shared primitives may apply,Current-head rendered journey at 1440/834/390; relevant owner-live behavior
/e2e/shots/agents-4,apps/web/app/e2e/shots/agents-4/page.tsx,fixture,Fixture,Confirm intended product coverage; never treat specimen data as owner evidence,No literal local marker,False,178,Static source/import scan; manual journey pending,,NOT_RUN,,No route-specific completion claimed; shared primitives may apply,Current-head rendered journey at 1440/834/390; relevant owner-live behavior
/e2e/shots/ai,apps/web/app/e2e/shots/ai/page.tsx,fixture,Fixture,Confirm intended product coverage; never treat specimen data as owner evidence,"create,discover,manage,operate,understand",False,493,Static source/import scan; manual journey pending,,NOT_RUN,,No route-specific completion claimed; shared primitives may apply,Current-head rendered journey at 1440/834/390; relevant owner-live behavior
/e2e/shots/approvals,apps/web/app/e2e/shots/approvals/page.tsx,fixture,Fixture,Confirm intended product coverage; never treat specimen data as owner evidence,"create,discover,manage,operate,understand",False,493,Static source/import scan; manual journey pending,,NOT_RUN,,No route-specific completion claimed; shared primitives may apply,Current-head rendered journey at 1440/834/390; relevant owner-live behavior
/e2e/shots/assignments,apps/web/app/e2e/shots/assignments/page.tsx,fixture,Fixture,Confirm intended product coverage; never treat specimen data as owner evidence,"create,discover,manage,operate,understand",False,493,Static source/import scan; manual journey pending,,NOT_RUN,,No route-specific completion claimed; shared primitives may apply,Current-head rendered journey at 1440/834/390; relevant owner-live behavior
/e2e/shots/avatar-states,apps/web/app/e2e/shots/avatar-states/page.tsx,fixture,Fixture,Confirm intended product coverage; never treat specimen data as owner evidence,No literal local marker,False,108,Static source/import scan; manual journey pending,,NOT_RUN,,No route-specific completion claimed; shared primitives may apply,Current-head rendered journey at 1440/834/390; relevant owner-live behavior
/e2e/shots/billing-states,apps/web/app/e2e/shots/billing-states/page.tsx,fixture,Fixture,Confirm intended product coverage; never treat specimen data as owner evidence,configure,False,150,Static source/import scan; manual journey pending,,NOT_RUN,,No route-specific completion claimed; shared primitives may apply,Current-head rendered journey at 1440/834/390; relevant owner-live behavior
/e2e/shots/builder,apps/web/app/e2e/shots/builder/page.tsx,fixture,Fixture,Confirm intended product coverage; never treat specimen data as owner evidence,create,False,177,Static source/import scan; manual journey pending,,NOT_RUN,,No route-specific completion claimed; shared primitives may apply,Current-head rendered journey at 1440/834/390; relevant owner-live behavior
/e2e/shots/connectors,apps/web/app/e2e/shots/connectors/page.tsx,fixture,Fixture,Confirm intended product coverage; never treat specimen data as owner evidence,"create,discover,manage,operate,understand",False,493,Static source/import scan; manual journey pending,,NOT_RUN,,No route-specific completion claimed; shared primitives may apply,Current-head rendered journey at 1440/834/390; relevant owner-live behavior
/e2e/shots/home,apps/web/app/e2e/shots/home/page.tsx,fixture,Fixture,Confirm intended product coverage; never treat specimen data as owner evidence,"create,discover,manage,operate,understand",False,493,Static source/import scan; manual journey pending,,NOT_RUN,,No route-specific completion claimed; shared primitives may apply,Current-head rendered journey at 1440/834/390; relevant owner-live behavior
/e2e/shots/intelligence,apps/web/app/e2e/shots/intelligence/page.tsx,fixture,Fixture,Confirm intended product coverage; never treat specimen data as owner evidence,No literal local marker,False,140,Static source/import scan; manual journey pending,,NOT_RUN,,No route-specific completion claimed; shared primitives may apply,Current-head rendered journey at 1440/834/390; relevant owner-live behavior
/e2e/shots/intelligence-field,apps/web/app/e2e/shots/intelligence-field/page.tsx,fixture,Fixture,Confirm intended product coverage; never treat specimen data as owner evidence,"create,discover,manage,operate,understand",False,493,Static source/import scan; manual journey pending,,NOT_RUN,,No route-specific completion claimed; shared primitives may apply,Current-head rendered journey at 1440/834/390; relevant owner-live behavior
/e2e/shots/learning-4,apps/web/app/e2e/shots/learning-4/page.tsx,fixture,Fixture,Confirm intended product coverage; never treat specimen data as owner evidence,No literal local marker,False,168,Static source/import scan; manual journey pending,,NOT_RUN,,No route-specific completion claimed; shared primitives may apply,Current-head rendered journey at 1440/834/390; relevant owner-live behavior
/e2e/shots/marketplace,apps/web/app/e2e/shots/marketplace/page.tsx,fixture,Fixture,Confirm intended product coverage; never treat specimen data as owner evidence,"create,discover,manage,operate,understand",False,493,Static source/import scan; manual journey pending,,NOT_RUN,,No route-specific completion claimed; shared primitives may apply,Current-head rendered journey at 1440/834/390; relevant owner-live behavior
/e2e/shots/marketplace-installed,apps/web/app/e2e/shots/marketplace-installed/page.tsx,fixture,Fixture,Confirm intended product coverage; never treat specimen data as owner evidence,"create,discover,manage,operate,understand",False,493,Static source/import scan; manual journey pending,,NOT_RUN,,No route-specific completion claimed; shared primitives may apply,Current-head rendered journey at 1440/834/390; relevant owner-live behavior
/e2e/shots/marketplace-pack/[slug],apps/web/app/e2e/shots/marketplace-pack/[slug]/page.tsx,fixture,Fixture,Confirm intended product coverage; never treat specimen data as owner evidence,discover,False,158,Static source/import scan; manual journey pending,,NOT_RUN,,No route-specific completion claimed; shared primitives may apply,Current-head rendered journey at 1440/834/390; relevant owner-live behavior
/e2e/shots/metrics,apps/web/app/e2e/shots/metrics/page.tsx,fixture,Fixture,Confirm intended product coverage; never treat specimen data as owner evidence,"create,discover,manage,operate,understand",False,493,Static source/import scan; manual journey pending,,NOT_RUN,,No route-specific completion claimed; shared primitives may apply,Current-head rendered journey at 1440/834/390; relevant owner-live behavior
/e2e/shots/outcome-states,apps/web/app/e2e/shots/outcome-states/page.tsx,fixture,Fixture,Confirm intended product coverage; never treat specimen data as owner evidence,No literal local marker,False,5,Static source/import scan; manual journey pending,,NOT_RUN,,No route-specific completion claimed; shared primitives may apply,Current-head rendered journey at 1440/834/390; relevant owner-live behavior
/e2e/shots/proof,apps/web/app/e2e/shots/proof/page.tsx,fixture,Fixture,Confirm intended product coverage; never treat specimen data as owner evidence,"create,discover,manage,operate,understand",False,493,Static source/import scan; manual journey pending,,NOT_RUN,,No route-specific completion claimed; shared primitives may apply,Current-head rendered journey at 1440/834/390; relevant owner-live behavior
/e2e/shots/relationships,apps/web/app/e2e/shots/relationships/page.tsx,fixture,Fixture,Confirm intended product coverage; never treat specimen data as owner evidence,No literal local marker,False,165,Static source/import scan; manual journey pending,,NOT_RUN,,No route-specific completion claimed; shared primitives may apply,Current-head rendered journey at 1440/834/390; relevant owner-live behavior
/e2e/shots/sources,apps/web/app/e2e/shots/sources/page.tsx,fixture,Fixture,Confirm intended product coverage; never treat specimen data as owner evidence,"create,discover,manage,operate,understand",False,493,Static source/import scan; manual journey pending,,NOT_RUN,,No route-specific completion claimed; shared primitives may apply,Current-head rendered journey at 1440/834/390; relevant owner-live behavior
/e2e/shots/voice-states,apps/web/app/e2e/shots/voice-states/page.tsx,fixture,Fixture,Confirm intended product coverage; never treat specimen data as owner evidence,No literal local marker,False,28,Static source/import scan; manual journey pending,,NOT_RUN,,No route-specific completion claimed; shared primitives may apply,Current-head rendered journey at 1440/834/390; relevant owner-live behavior
/e2e/shots/workflows,apps/web/app/e2e/shots/workflows/page.tsx,fixture,Fixture,Confirm intended product coverage; never treat specimen data as owner evidence,"create,discover,manage,operate,understand",False,493,Static source/import scan; manual journey pending,,NOT_RUN,,No route-specific completion claimed; shared primitives may apply,Current-head rendered journey at 1440/834/390; relevant owner-live behavior
/e2e/task-side-panel,apps/web/app/e2e/task-side-panel/page.tsx,fixture,Fixture,Confirm intended product coverage; never treat specimen data as owner evidence,No literal local marker,False,70,Static source/import scan; manual journey pending,,NOT_RUN,,No route-specific completion claimed; shared primitives may apply,Current-head rendered journey at 1440/834/390; relevant owner-live behavior
/e2e/voice-duplex,apps/web/app/e2e/voice-duplex/page.tsx,fixture,Fixture,Confirm intended product coverage; never treat specimen data as owner evidence,No literal local marker,False,37,Static source/import scan; manual journey pending,,NOT_RUN,,No route-specific completion claimed; shared primitives may apply,Current-head rendered journey at 1440/834/390; relevant owner-live behavior
/environments,apps/web/app/environments/page.tsx,product,Manage,Environment → reported health/resources → inspection,manage,False,145,Manual representative/source inspection + static scan,,NOT_RUN,,No route-specific completion claimed; shared primitives may apply,Current-head rendered journey at 1440/834/390; relevant owner-live behavior
/extension/connect,apps/web/app/extension/connect/page.tsx,product,Manage,Extension association → identity verification → connection,No literal local marker,False,21,Static source/import scan; manual journey pending,,NOT_RUN,,No route-specific completion claimed; shared primitives may apply,Current-head rendered journey at 1440/834/390; relevant owner-live behavior
/goals/[id],apps/web/app/goals/[id]/page.tsx,product,Operate / Create,Objective → saved plan → milestones → measured outcome,operate,True,146,Manual representative/source inspection + static scan,,NOT_RUN,D07 D09 D10: selected goal and review question,Targeted source correction; shared primitives also apply,Current-head rendered journey at 1440/834/390; relevant owner-live behavior
/goals,apps/web/app/goals/page.tsx,product,Operate / Create,Objective → saved plan → milestones → measured outcome,operate,False,148,Manual representative/source inspection + static scan,,NOT_RUN,,No route-specific completion claimed; shared primitives may apply,Current-head rendered journey at 1440/834/390; relevant owner-live behavior
/home,apps/web/app/home/page.tsx,product,Operate,Attention → work lane → evidence/action,understand,False,173,Manual representative/source inspection + static scan,,NOT_RUN,"D09 D10 D11 D12: canonical prompt draft, lane filters, shared tokens/targets",Targeted source correction; shared primitives also apply,Current-head rendered journey at 1440/834/390; relevant owner-live behavior
/integrations/[id],apps/web/app/integrations/[id]/page.tsx,product,Review,Follow canonical destination; validate role and task continuity,No literal local marker,False,1,Static source/import scan; manual journey pending,,NOT_RUN,,No route-specific completion claimed; shared primitives may apply,Current-head rendered journey at 1440/834/390; relevant owner-live behavior
/integrations/new,apps/web/app/integrations/new/page.tsx,product,Review,Follow canonical destination; validate role and task continuity,No literal local marker,False,1,Redirect source inspected; destination acceptance pending,/connectors,NOT_RUN,,No route-specific completion claimed; shared primitives may apply,Current-head rendered journey at 1440/834/390; relevant owner-live behavior
/integrations,apps/web/app/integrations/page.tsx,product,Review,Follow canonical destination; validate role and task continuity,No literal local marker,False,1,Redirect source inspected; destination acceptance pending,/connectors,NOT_RUN,,No route-specific completion claimed; shared primitives may apply,Current-head rendered journey at 1440/834/390; relevant owner-live behavior
/intelligence/agents/[id],apps/web/app/intelligence/agents/[id]/page.tsx,product,Understand,Question → selected relationship/model → supporting evidence,No literal local marker,False,2,Static source/import scan; manual journey pending,,NOT_RUN,,No route-specific completion claimed; shared primitives may apply,Current-head rendered journey at 1440/834/390; relevant owner-live behavior
/intelligence/agents,apps/web/app/intelligence/agents/page.tsx,product,Understand,Question → selected relationship/model → supporting evidence,No literal local marker,False,2,Static source/import scan; manual journey pending,,NOT_RUN,,No route-specific completion claimed; shared primitives may apply,Current-head rendered journey at 1440/834/390; relevant owner-live behavior
/intelligence/learning,apps/web/app/intelligence/learning/page.tsx,product,Understand,Question → selected relationship/model → supporting evidence,understand,False,221,Static source/import scan; manual journey pending,,NOT_RUN,,No route-specific completion claimed; shared primitives may apply,Current-head rendered journey at 1440/834/390; relevant owner-live behavior
/intelligence/memory,apps/web/app/intelligence/memory/page.tsx,product,Understand,Question → selected relationship/model → supporting evidence,understand,False,149,Static source/import scan; manual journey pending,,NOT_RUN,,No route-specific completion claimed; shared primitives may apply,Current-head rendered journey at 1440/834/390; relevant owner-live behavior
/intelligence/model-studio,apps/web/app/intelligence/model-studio/page.tsx,product,Understand,Question → selected relationship/model → supporting evidence,understand,False,199,Static source/import scan; manual journey pending,,NOT_RUN,,No route-specific completion claimed; shared primitives may apply,Current-head rendered journey at 1440/834/390; relevant owner-live behavior
/intelligence/models/[name],apps/web/app/intelligence/models/[name]/page.tsx,product,Understand,Question → selected relationship/model → supporting evidence,understand,False,155,Static source/import scan; manual journey pending,,NOT_RUN,,No route-specific completion claimed; shared primitives may apply,Current-head rendered journey at 1440/834/390; relevant owner-live behavior
/intelligence/models,apps/web/app/intelligence/models/page.tsx,product,Understand,Question → selected relationship/model → supporting evidence,understand,False,195,Static source/import scan; manual journey pending,,NOT_RUN,,No route-specific completion claimed; shared primitives may apply,Current-head rendered journey at 1440/834/390; relevant owner-live behavior
/intelligence,apps/web/app/intelligence/page.tsx,product,Understand,Question → selected relationship/model → supporting evidence,understand,True,230,Manual representative/source inspection + static scan,,NOT_RUN,"D06 D08 D09 D11 D12: unknown outcome count, compact disclosures, resting nodes, filter semantics",Targeted source correction; shared primitives also apply,Current-head rendered journey at 1440/834/390; relevant owner-live behavior
/intelligence/performance,apps/web/app/intelligence/performance/page.tsx,product,Understand,Question → selected relationship/model → supporting evidence,understand,False,199,Static source/import scan; manual journey pending,,NOT_RUN,,No route-specific completion claimed; shared primitives may apply,Current-head rendered journey at 1440/834/390; relevant owner-live behavior
/intelligence/predictive,apps/web/app/intelligence/predictive/page.tsx,product,Understand,Question → selected relationship/model → supporting evidence,No literal local marker,False,200,Static source/import scan; manual journey pending,,NOT_RUN,,No route-specific completion claimed; shared primitives may apply,Current-head rendered journey at 1440/834/390; relevant owner-live behavior
/intelligence/reports,apps/web/app/intelligence/reports/page.tsx,product,Understand,Question → selected relationship/model → supporting evidence,No literal local marker,False,202,Static source/import scan; manual journey pending,,NOT_RUN,,No route-specific completion claimed; shared primitives may apply,Current-head rendered journey at 1440/834/390; relevant owner-live behavior
/lite/assign,apps/web/app/lite/assign/page.tsx,product,Operate / Create,Requested work → task → deliverable → measured result,No literal local marker,False,146,Static source/import scan; manual journey pending,,NOT_RUN,,No route-specific completion claimed; shared primitives may apply,Current-head rendered journey at 1440/834/390; relevant owner-live behavior
/lite/deliverables,apps/web/app/lite/deliverables/page.tsx,product,Operate / Create,Requested work → task → deliverable → measured result,No literal local marker,False,147,Static source/import scan; manual journey pending,,NOT_RUN,,No route-specific completion claimed; shared primitives may apply,Current-head rendered journey at 1440/834/390; relevant owner-live behavior
/lite,apps/web/app/lite/page.tsx,product,Operate / Create,Requested work → task → deliverable → measured result,No literal local marker,False,2,Static source/import scan; manual journey pending,,NOT_RUN,,No route-specific completion claimed; shared primitives may apply,Current-head rendered journey at 1440/834/390; relevant owner-live behavior
/lite/results,apps/web/app/lite/results/page.tsx,product,Operate / Create,Requested work → task → deliverable → measured result,No literal local marker,False,150,Static source/import scan; manual journey pending,,NOT_RUN,,No route-specific completion claimed; shared primitives may apply,Current-head rendered journey at 1440/834/390; relevant owner-live behavior
/lite/tasks,apps/web/app/lite/tasks/page.tsx,product,Operate / Create,Requested work → task → deliverable → measured result,No literal local marker,False,148,Static source/import scan; manual journey pending,,NOT_RUN,,No route-specific completion claimed; shared primitives may apply,Current-head rendered journey at 1440/834/390; relevant owner-live behavior
/marketplace/admin,apps/web/app/marketplace/admin/page.tsx,product,Discover,Outcome → prerequisites → install; admin: review/authority; publisher: create,operate,False,147,Static source/import scan; manual journey pending,,NOT_RUN,,No route-specific completion claimed; shared primitives may apply,Current-head rendered journey at 1440/834/390; relevant owner-live behavior
/marketplace/analytics,apps/web/app/marketplace/analytics/page.tsx,product,Discover,Outcome → prerequisites → install; admin: review/authority; publisher: create,understand,False,148,Static source/import scan; manual journey pending,,NOT_RUN,,No route-specific completion claimed; shared primitives may apply,Current-head rendered journey at 1440/834/390; relevant owner-live behavior
/marketplace/analytics/roi,apps/web/app/marketplace/analytics/roi/page.tsx,product,Discover,Outcome → prerequisites → install; admin: review/authority; publisher: create,No literal local marker,False,2,Static source/import scan; manual journey pending,,NOT_RUN,,No route-specific completion claimed; shared primitives may apply,Current-head rendered journey at 1440/834/390; relevant owner-live behavior
/marketplace/assets/[slug],apps/web/app/marketplace/assets/[slug]/page.tsx,product,Discover,Outcome → prerequisites → install; admin: review/authority; publisher: create,discover,False,154,Manual representative/source inspection + static scan,,NOT_RUN,,No route-specific completion claimed; shared primitives may apply,Current-head rendered journey at 1440/834/390; relevant owner-live behavior
/marketplace/assets,apps/web/app/marketplace/assets/page.tsx,product,Discover,Outcome → prerequisites → install; admin: review/authority; publisher: create,discover,True,163,Manual representative/source inspection + static scan,,NOT_RUN,D09 D10: outcome-oriented AI entry,Targeted source correction; shared primitives also apply,Current-head rendered journey at 1440/834/390; relevant owner-live behavior
/marketplace/billing,apps/web/app/marketplace/billing/page.tsx,product,Discover,Outcome → prerequisites → install; admin: review/authority; publisher: create,configure; operate,False,149,Static source/import scan; manual journey pending,,NOT_RUN,,No route-specific completion claimed; shared primitives may apply,Current-head rendered journey at 1440/834/390; relevant owner-live behavior
/marketplace/capabilities,apps/web/app/marketplace/capabilities/page.tsx,product,Discover,Outcome → prerequisites → install; admin: review/authority; publisher: create,manage,False,149,Static source/import scan; manual journey pending,,NOT_RUN,,No route-specific completion claimed; shared primitives may apply,Current-head rendered journey at 1440/834/390; relevant owner-live behavior
/marketplace/connectors,apps/web/app/marketplace/connectors/page.tsx,product,Discover,Outcome → prerequisites → install; admin: review/authority; publisher: create,discover,False,148,Static source/import scan; manual journey pending,,NOT_RUN,,No route-specific completion claimed; shared primitives may apply,Current-head rendered journey at 1440/834/390; relevant owner-live behavior
/marketplace/installed,apps/web/app/marketplace/installed/page.tsx,product,Discover,Outcome → prerequisites → install; admin: review/authority; publisher: create,operate,False,152,Manual representative/source inspection + static scan,,NOT_RUN,,No route-specific completion claimed; shared primitives may apply,Current-head rendered journey at 1440/834/390; relevant owner-live behavior
/marketplace/org/assets/new,apps/web/app/marketplace/org/assets/new/page.tsx,product,Discover,Outcome → prerequisites → install; admin: review/authority; publisher: create,create,False,136,Static source/import scan; manual journey pending,,NOT_RUN,,No route-specific completion claimed; shared primitives may apply,Current-head rendered journey at 1440/834/390; relevant owner-live behavior
/marketplace/org,apps/web/app/marketplace/org/page.tsx,product,Discover,Outcome → prerequisites → install; admin: review/authority; publisher: create,discover,False,146,Static source/import scan; manual journey pending,,NOT_RUN,,No route-specific completion claimed; shared primitives may apply,Current-head rendered journey at 1440/834/390; relevant owner-live behavior
/marketplace/org-admin,apps/web/app/marketplace/org-admin/page.tsx,product,Discover,Outcome → prerequisites → install; admin: review/authority; publisher: create,operate,False,152,Manual representative/source inspection + static scan,,NOT_RUN,,No route-specific completion claimed; shared primitives may apply,Current-head rendered journey at 1440/834/390; relevant owner-live behavior
/marketplace/platform-admin,apps/web/app/marketplace/platform-admin/page.tsx,product,Discover,Outcome → prerequisites → install; admin: review/authority; publisher: create,operate,False,152,Manual representative/source inspection + static scan,,NOT_RUN,,No route-specific completion claimed; shared primitives may apply,Current-head rendered journey at 1440/834/390; relevant owner-live behavior
/marketplace/private,apps/web/app/marketplace/private/page.tsx,product,Discover,Outcome → prerequisites → install; admin: review/authority; publisher: create,operate,False,147,Static source/import scan; manual journey pending,,NOT_RUN,,No route-specific completion claimed; shared primitives may apply,Current-head rendered journey at 1440/834/390; relevant owner-live behavior
/marketplace/publisher/analytics,apps/web/app/marketplace/publisher/analytics/page.tsx,product,Discover,Outcome → prerequisites → install; admin: review/authority; publisher: create,No literal local marker,False,150,Static source/import scan; manual journey pending,,NOT_RUN,,No route-specific completion claimed; shared primitives may apply,Current-head rendered journey at 1440/834/390; relevant owner-live behavior
/marketplace/publisher,apps/web/app/marketplace/publisher/page.tsx,product,Discover,Outcome → prerequisites → install; admin: review/authority; publisher: create,create,False,147,Manual representative/source inspection + static scan,,NOT_RUN,,No route-specific completion claimed; shared primitives may apply,Current-head rendered journey at 1440/834/390; relevant owner-live behavior
/marketplace/role-packs,apps/web/app/marketplace/role-packs/page.tsx,product,Discover,Outcome → prerequisites → install; admin: review/authority; publisher: create,No literal local marker,False,1,Redirect source inspected; destination acceptance pending,/marketplace/assets?type=department_pack,NOT_RUN,,No route-specific completion claimed; shared primitives may apply,Current-head rendered journey at 1440/834/390; relevant owner-live behavior
/marketplace/sandbox,apps/web/app/marketplace/sandbox/page.tsx,product,Discover,Outcome → prerequisites → install; admin: review/authority; publisher: create,operate,False,149,Manual representative/source inspection + static scan,,NOT_RUN,,No route-specific completion claimed; shared primitives may apply,Current-head rendered journey at 1440/834/390; relevant owner-live behavior
/marketplace/saved,apps/web/app/marketplace/saved/page.tsx,product,Discover,Outcome → prerequisites → install; admin: review/authority; publisher: create,discover,False,150,Static source/import scan; manual journey pending,,NOT_RUN,,No route-specific completion claimed; shared primitives may apply,Current-head rendered journey at 1440/834/390; relevant owner-live behavior
/marketplace/submit,apps/web/app/marketplace/submit/page.tsx,product,Discover,Outcome → prerequisites → install; admin: review/authority; publisher: create,create,False,147,Static source/import scan; manual journey pending,,NOT_RUN,,No route-specific completion claimed; shared primitives may apply,Current-head rendered journey at 1440/834/390; relevant owner-live behavior
/metrics,apps/web/app/metrics/page.tsx,product,Understand,Metric scope → chart → drill-down/provenance,understand,False,146,Manual representative/source inspection + static scan,,NOT_RUN,,No route-specific completion claimed; shared primitives may apply,Current-head rendered journey at 1440/834/390; relevant owner-live behavior
/models/[id],apps/web/app/models/[id]/page.tsx,product,Understand / Manage,Model readiness → evidence/configuration → inference/deployment,understand,False,152,Static source/import scan; manual journey pending,,NOT_RUN,,No route-specific completion claimed; shared primitives may apply,Current-head rendered journey at 1440/834/390; relevant owner-live behavior
/models/built-in/[name],apps/web/app/models/built-in/[name]/page.tsx,product,Understand / Manage,Model readiness → evidence/configuration → inference/deployment,understand,False,156,Static source/import scan; manual journey pending,,NOT_RUN,,No route-specific completion claimed; shared primitives may apply,Current-head rendered journey at 1440/834/390; relevant owner-live behavior
/models/built-in,apps/web/app/models/built-in/page.tsx,product,Understand / Manage,Model readiness → evidence/configuration → inference/deployment,understand,False,196,Static source/import scan; manual journey pending,,NOT_RUN,,No route-specific completion claimed; shared primitives may apply,Current-head rendered journey at 1440/834/390; relevant owner-live behavior
/models,apps/web/app/models/page.tsx,product,Understand / Manage,Model readiness → evidence/configuration → inference/deployment,understand,False,212,Manual representative/source inspection + static scan,,NOT_RUN,,No route-specific completion claimed; shared primitives may apply,Current-head rendered journey at 1440/834/390; relevant owner-live behavior
/multi-agent-run,apps/web/app/multi-agent-run/page.tsx,product,Create / Operate,Objective → roster → coordinated run → council evidence,operate,True,162,Manual representative/source inspection + static scan,,NOT_RUN,D07 D09 D10: selected coordinated run and review question,Targeted source correction; shared primitives also apply,Current-head rendered journey at 1440/834/390; relevant owner-live behavior
/notifications,apps/web/app/notifications/page.tsx,product,Operate,Inbox item → relevance/destination → read/archive,operate,False,144,Manual representative/source inspection + static scan,,NOT_RUN,,No route-specific completion claimed; shared primitives may apply,Current-head rendered journey at 1440/834/390; relevant owner-live behavior
/onboarding,apps/web/app/onboarding/page.tsx,product,Create,Account/workspace setup → persisted next step,No literal local marker,False,2,Static source/import scan; manual journey pending,,NOT_RUN,,No route-specific completion claimed; shared primitives may apply,Current-head rendered journey at 1440/834/390; relevant owner-live behavior
/operator,apps/web/app/operator/page.tsx,product,Review,Follow canonical destination; validate role and task continuity,No literal local marker,False,2,Static source/import scan; manual journey pending,,NOT_RUN,,No route-specific completion claimed; shared primitives may apply,Current-head rendered journey at 1440/834/390; relevant owner-live behavior
/outcomes,apps/web/app/outcomes/page.tsx,product,Review,Follow canonical destination; validate role and task continuity,No literal local marker,False,2,Static source/import scan; manual journey pending,,NOT_RUN,,No route-specific completion claimed; shared primitives may apply,Current-head rendered journey at 1440/834/390; relevant owner-live behavior
/,apps/web/app/page.tsx,public/auth/support,Public / Auth / Support,Product explanation or support/auth task → useful next destination,discover,False,87,Manual representative/source inspection + static scan,,NOT_RUN,,No route-specific completion claimed; shared primitives may apply,Current-head rendered journey at 1440/834/390; relevant owner-live behavior
/platform/cs-workspace,apps/web/app/platform/cs-workspace/page.tsx,product,Manage,Tenant/workspace scope → service evidence → authorized action,No literal local marker,False,136,Static source/import scan; manual journey pending,,NOT_RUN,,No route-specific completion claimed; shared primitives may apply,Current-head rendered journey at 1440/834/390; relevant owner-live behavior
/plays/[key],apps/web/app/plays/[key]/page.tsx,product,Discover / Operate,Available/active Play → setup → outcome evidence,operate,False,149,Static source/import scan; manual journey pending,,NOT_RUN,,No route-specific completion claimed; shared primitives may apply,Current-head rendered journey at 1440/834/390; relevant owner-live behavior
/plays/[key]/results/[outcomeId],apps/web/app/plays/[key]/results/[outcomeId]/page.tsx,product,Discover / Operate,Available/active Play → setup → outcome evidence,No literal local marker,False,146,Static source/import scan; manual journey pending,,NOT_RUN,,No route-specific completion claimed; shared primitives may apply,Current-head rendered journey at 1440/834/390; relevant owner-live behavior
/plays,apps/web/app/plays/page.tsx,product,Discover / Operate,Available/active Play → setup → outcome evidence,operate,False,146,Static source/import scan; manual journey pending,,NOT_RUN,,No route-specific completion claimed; shared primitives may apply,Current-head rendered journey at 1440/834/390; relevant owner-live behavior
/runs/[id],apps/web/app/runs/[id]/page.tsx,product,Operate,Run → failed/blocked step → evidence/control,operate,False,163,Manual representative/source inspection + static scan,,NOT_RUN,D03 D09: completed/approved distinct from verified,Targeted source correction; shared primitives also apply,Current-head rendered journey at 1440/834/390; relevant owner-live behavior
/runs,apps/web/app/runs/page.tsx,product,Operate,Run → failed/blocked step → evidence/control,No literal local marker,False,2,Static source/import scan; manual journey pending,,NOT_RUN,,No route-specific completion claimed; shared primitives may apply,Current-head rendered journey at 1440/834/390; relevant owner-live behavior
/schedules,apps/web/app/schedules/page.tsx,product,Operate,Schedule → timezone/occurrence → scoped reschedule/delete,operate,False,165,Static source/import scan; manual journey pending,,NOT_RUN,,No route-specific completion claimed; shared primitives may apply,Current-head rendered journey at 1440/834/390; relevant owner-live behavior
/search,apps/web/app/search/page.tsx,product,Understand,Search scope → result → evidence/detail,understand,False,143,Static source/import scan; manual journey pending,,NOT_RUN,,No route-specific completion claimed; shared primitives may apply,Current-head rendered journey at 1440/834/390; relevant owner-live behavior
/settings/approvals,apps/web/app/settings/approvals/page.tsx,product,Configure,Setting/access scope → draft → review/save → reported stored state,No literal local marker,False,140,Static source/import scan; manual journey pending,,NOT_RUN,,No route-specific completion claimed; shared primitives may apply,Current-head rendered journey at 1440/834/390; relevant owner-live behavior
/settings/billing/checkout,apps/web/app/settings/billing/checkout/page.tsx,product,Configure,Setting/access scope → draft → review/save → reported stored state,No literal local marker,False,136,Static source/import scan; manual journey pending,,NOT_RUN,,No route-specific completion claimed; shared primitives may apply,Current-head rendered journey at 1440/834/390; relevant owner-live behavior
/settings/billing,apps/web/app/settings/billing/page.tsx,product,Configure,Setting/access scope → draft → review/save → reported stored state,configure,False,146,Static source/import scan; manual journey pending,,NOT_RUN,,No route-specific completion claimed; shared primitives may apply,Current-head rendered journey at 1440/834/390; relevant owner-live behavior
/settings/billing-usage,apps/web/app/settings/billing-usage/page.tsx,product,Configure,Setting/access scope → draft → review/save → reported stored state,No literal local marker,False,1,Redirect source inspected; destination acceptance pending,/settings/billing,NOT_RUN,,No route-specific completion claimed; shared primitives may apply,Current-head rendered journey at 1440/834/390; relevant owner-live behavior
/settings/enterprise,apps/web/app/settings/enterprise/page.tsx,product,Configure,Setting/access scope → draft → review/save → reported stored state,No literal local marker,False,170,Manual representative/source inspection + static scan,,NOT_RUN,,No route-specific completion claimed; shared primitives may apply,Current-head rendered journey at 1440/834/390; relevant owner-live behavior
/settings/federation,apps/web/app/settings/federation/page.tsx,product,Configure,Setting/access scope → draft → review/save → reported stored state,No literal local marker,False,163,Manual representative/source inspection + static scan,,NOT_RUN,,No route-specific completion claimed; shared primitives may apply,Current-head rendered journey at 1440/834/390; relevant owner-live behavior
/settings/organizations,apps/web/app/settings/organizations/page.tsx,product,Configure,Setting/access scope → draft → review/save → reported stored state,No literal local marker,False,150,Static source/import scan; manual journey pending,,NOT_RUN,,No route-specific completion claimed; shared primitives may apply,Current-head rendered journey at 1440/834/390; relevant owner-live behavior
/settings,apps/web/app/settings/page.tsx,product,Configure,Setting/access scope → draft → review/save → reported stored state,configure,False,148,Manual representative/source inspection + static scan,,NOT_RUN,,No route-specific completion claimed; shared primitives may apply,Current-head rendered journey at 1440/834/390; relevant owner-live behavior
/settings/profile,apps/web/app/settings/profile/page.tsx,product,Configure,Setting/access scope → draft → review/save → reported stored state,configure,False,139,Manual representative/source inspection + static scan,,NOT_RUN,D05 D09 D11: identity/session workspace; remove invented activity and decorative reveals,Targeted source correction; shared primitives also apply,Current-head rendered journey at 1440/834/390; relevant owner-live behavior
/settings/team/permissions,apps/web/app/settings/team/permissions/page.tsx,product,Configure,Setting/access scope → draft → review/save → reported stored state,No literal local marker,False,141,Manual representative/source inspection + static scan,,NOT_RUN,,No route-specific completion claimed; shared primitives may apply,Current-head rendered journey at 1440/834/390; relevant owner-live behavior
/sources/[id]/agents,apps/web/app/sources/[id]/agents/page.tsx,product,Manage,Source lifecycle → schema/history → dependencies/grounding,No literal local marker,False,146,Static source/import scan; manual journey pending,,NOT_RUN,,No route-specific completion claimed; shared primitives may apply,Current-head rendered journey at 1440/834/390; relevant owner-live behavior
/sources/[id],apps/web/app/sources/[id]/page.tsx,product,Manage,Source lifecycle → schema/history → dependencies/grounding,manage,True,152,Manual representative/source inspection + static scan,,NOT_RUN,"D04 D07 D09 D11 D12: nullable evidence, cached retry, selected source, guarded mutations",Targeted source correction; shared primitives also apply,Current-head rendered journey at 1440/834/390; relevant owner-live behavior
/sources,apps/web/app/sources/page.tsx,product,Manage,Source lifecycle → schema/history → dependencies/grounding,manage,False,156,Manual representative/source inspection + static scan,,NOT_RUN,D04 D09: returned sync status controls feedback,Targeted source correction; shared primitives also apply,Current-head rendered journey at 1440/834/390; relevant owner-live behavior
/systems,apps/web/app/systems/page.tsx,product,Review,Follow canonical destination; validate role and task continuity,No literal local marker,False,2,Static source/import scan; manual journey pending,,NOT_RUN,,No route-specific completion claimed; shared primitives may apply,Current-head rendered journey at 1440/834/390; relevant owner-live behavior
/tasks,apps/web/app/tasks/page.tsx,product,Review,Follow canonical destination; validate role and task continuity,No literal local marker,False,2,Static source/import scan; manual journey pending,,NOT_RUN,,No route-specific completion claimed; shared primitives may apply,Current-head rendered journey at 1440/834/390; relevant owner-live behavior
/training,apps/web/app/training/page.tsx,product,Create / Operate,Dataset/instruction → preparation → job → inspect/assign,create,True,154,Manual representative/source inspection + static scan,,NOT_RUN,D07 D09 D10: dataset/job context and preparation/inspection questions,Targeted source correction; shared primitives also apply,Current-head rendered journey at 1440/834/390; relevant owner-live behavior
/welcome,apps/web/app/welcome/page.tsx,product,Create,Role/intent → systems → first useful work,create,False,77,Static source/import scan; manual journey pending,,NOT_RUN,,No route-specific completion claimed; shared primitives may apply,Current-head rendered journey at 1440/834/390; relevant owner-live behavior
/workflows/[id]/builder,apps/web/app/workflows/[id]/builder/page.tsx,product,Operate / Create,Workflow readiness → builder/selected step → run/approval evidence,create,False,172,Manual representative/source inspection + static scan,,NOT_RUN,D01 D02 D09: recommendation review distinct from execution; remove simulated product run/council evidence,Targeted source correction; shared primitives also apply,Current-head rendered journey at 1440/834/390; relevant owner-live behavior
/workflows/[id],apps/web/app/workflows/[id]/page.tsx,product,Operate / Create,Workflow readiness → builder/selected step → run/approval evidence,operate,True,154,Manual representative/source inspection + static scan,,NOT_RUN,,No route-specific completion claimed; shared primitives may apply,Current-head rendered journey at 1440/834/390; relevant owner-live behavior
/workflows/[id]/schedules,apps/web/app/workflows/[id]/schedules/page.tsx,product,Operate / Create,Workflow readiness → builder/selected step → run/approval evidence,operate,False,164,Static source/import scan; manual journey pending,,NOT_RUN,,No route-specific completion claimed; shared primitives may apply,Current-head rendered journey at 1440/834/390; relevant owner-live behavior
/workflows/failure-predictions,apps/web/app/workflows/failure-predictions/page.tsx,product,Operate / Create,Workflow readiness → builder/selected step → run/approval evidence,No literal local marker,False,2,Static source/import scan; manual journey pending,,NOT_RUN,,No route-specific completion claimed; shared primitives may apply,Current-head rendered journey at 1440/834/390; relevant owner-live behavior
/workflows/new/builder,apps/web/app/workflows/new/builder/page.tsx,product,Operate / Create,Workflow readiness → builder/selected step → run/approval evidence,create,False,147,Static source/import scan; manual journey pending,,NOT_RUN,,No route-specific completion claimed; shared primitives may apply,Current-head rendered journey at 1440/834/390; relevant owner-live behavior
/workflows/new,apps/web/app/workflows/new/page.tsx,product,Operate / Create,Workflow readiness → builder/selected step → run/approval evidence,No literal local marker,False,1,Static source/import scan; manual journey pending,,NOT_RUN,,No route-specific completion claimed; shared primitives may apply,Current-head rendered journey at 1440/834/390; relevant owner-live behavior
/workflows,apps/web/app/workflows/page.tsx,product,Operate / Create,Workflow readiness → builder/selected step → run/approval evidence,operate,False,170,Static source/import scan; manual journey pending,,NOT_RUN,,No route-specific completion claimed; shared primitives may apply,Current-head rendered journey at 1440/834/390; relevant owner-live behavior
